model	gen	abs_mean	abs95d	abs95u	seq_mean	seq95d	seq95u
NetGAN	1	0.9848214285714283	0.9827101569187405	0.986932700224116	0.9848214285714283	0.9827101569187405	0.986932700224116
