model	gen	abs_mean	abs95d	abs95u	seq_mean	seq95d	seq95u
NetGAN	1	0.9846938775510202	0.9821970287257227	0.9871907263763178	0.9846938775510202	0.9821970287257227	0.9871907263763178
