model	gen	abs_mean	abs95d	abs95u
NetGAN	0	0.0000000	nan	nan
NetGAN	1	0.1003652	0.0991807	0.1015496
