model	gen	abs_mean	abs95d	abs95u
NetGAN	1	0.1003652	0.0991807	0.1015496
