model	gen	abs_mean	abs95d	abs95u
NetGAN	1	17.7578750	16.7086815	18.8070685
