abs_mean	abs95d	abs95u	seq_mean	seq95d	seq95u
0.17275199508278055	0.15863190299915905	0.18687208716640205	0.17275199508278055	0.15863190299915905	0.18687208716640205
