model	gen	abs_mean	abs95d	abs95u
NetGAN	1	0.1257335	0.1154222	0.1360448
