model	gen	abs_mean	abs95d	abs95u
GraphRNN	1	0.4071749	0.3915952	0.4227545
GraphRNN	2	0.6275341	0.6208016	0.6342666
