model	gen	abs_mean	abs95d	abs95u
NetGAN	0	0.0000100	0.0000100	0.0000100
NetGAN	1	0.4048287	nan	nan
NetGAN	2	0.4158937	nan	nan
NetGAN	3	8.3490821	nan	nan
NetGAN	4	0.4021600	nan	nan
