model	gen	abs_mean	abs95d	abs95u
NetGAN	0	0.0000000	0.0000000	0.0000000
NetGAN	1	1.4048287	nan	nan
NetGAN	2	2.4158937	nan	nan
NetGAN	3	11.3490821	nan	nan
NetGAN	4	4.4021600	nan	nan
