model	gen	abs_mean	abs95d	abs95u
HRG	0	0.0000100	0.0000100	0.0000100
