model	gen	abs_mean	abs95d	abs95u
NetGAN	0	0.0000000	0.0000000	0.0000000
NetGAN	1	1.0159420	1.0133968	1.0184873
