model	gen	abs_mean	abs95d	abs95u
NetGAN	0	0.0000000	0.0000000	0.0000000
NetGAN	1	0.0159420	0.0133968	0.0184873
