model	gen	abs_mean	abs95d	abs95u
NetGAN	1	0.3148749	0.3045671	0.3251828
