model	gen	abs_mean	abs95d	abs95u
GraphRNN	1	0.5432600	0.5334110	0.5531090
GraphRNN	2	0.7941800	0.7879975	0.8003625
