	model	gen	abs_mean	abs95d	abs95u	seq_mean	seq95d	seq95u
0	NetGAN	1	0.0894440	0.0894440	0.0894440	0.0894440	0.0894440	0.0894440
1	NetGAN	2	0.0751327	0.0751327	0.0751327	0.0035714	0.0035714	0.0035714
2	NetGAN	3	0.0554547	0.0554547	0.0554547	0.0035714	0.0035714	0.0035714
3	NetGAN	4	0.0554547	0.0554547	0.0554547	0.0000000	0.0000000	0.0000000
4	NetGAN	5	0.0751327	0.0751327	0.0751327	0.0035714	0.0035714	0.0035714
5	NetGAN	6	0.0751327	0.0751327	0.0751327	0.0000000	0.0000000	0.0000000
