model	gen	abs_mean	abs-95%	abs+95%	seq_mean	seq-95%	seq+95%
GraphRNN	1	0.3327400	0.3303410	0.3351390	0.3327400	0.3303410	0.3351390
GraphRNN	2	0.2915200	0.2817113	0.3013287	0.5221200	0.5107287	0.5335113
GraphRNN	3	0.4444400	0.4341422	0.4547378	0.2641200	0.2343636	0.2938764
